Appalachian Regional Commission VEBA Inc,46-5737418,,,
Appalachian Regional Commission,,http://adeca.alabama.gov/Divisions/ced/Pages/Appalachian-Regional-Commission.aspx#Overview,(334) 353-2028,al.jones@adeca.alabama.gov
Local Initiatives Support Corp. (LISC),13-3030229,http://www.lisc.org,212-455-9800,
Jsc Foundation Inc,26-3802494,,,
BR Day,,,,
Bratton Family Foundation,,,,
Bridge Foundation,,,,
Elsa Becker Foundation,13-3641188,,,
"Bryce, William & Catherine Bryce",,,,
MARY BLACK FOUNDATION INC,57-0843135,www.maryblackfoundation.org,(864) 573-9500,info@maryblackfoundation.org
Markets for Good,,https://marketsforgood.org/opportunities/,,
Yaspan-Unterberg Foundation,13-3608916,,,
Alec Baldwin Foundation,,,212-664-2005,nyoffice@eldoradopictures.com
AMC TV,,,,jill.dortheimer@amctv.com
Ariel Investments,,,,mhobson@arielinvestments.com
Audi of America,,,,alan.cruciani@audi.com
Biller Family Foundation,,,206-535-7541,sarah@billerfamilyfoundation.org
Board of Supervisors County of Los Angeles,,,,
Capital Group Companies,,,213-486-9200,eric_heer@capgroup.com
Chartwell Foundation,,,310-556-7600,kroswell@chartwell.net
City of Los Angeles Department of Cultural Affairs,,,213-473-7700,joe.smoke@lacity.org
Comcast-NBCUniversal,,,818-777-8063,natalie.ramirez@nbcuni.com
Creative Artists Agency,,,424-288-2000,ntran@caa.com
Douglas Elliman Real Estate,,,310-819-3274,kevin.lodie@elliman.com
Dwight Stuart Youth Fund,,,,wendyc@dsyf.org
Edgerton Foundation,,,310-788-0310,Plays@EdgertonFoundation.org
Eisenberg-Keefer Foundation,,,,new_mart@hotmail.com
Gagosian Gallery,,,212-744-2313,cassandra@gagosian.com
"Gang, Tyre, Ramer and Brown, Inc.",,,310-777-4800,bruce@gtrb.com
Goldman Sachs,,,,amy.borzillieri@gs.com
Greenberg Glusker,,,310-553-3610,hmorse@greenbergglusker.com
HBO,,,310-382-3578,ava.goldson@hbo.com
Keyes Automotive Group,,,,ssiegel@keyescars.com
LA Unified School District,,,,mxb2043@lausd.net
Laurents Hatcher Foundation,,,,laurentshatcher@gmail.com
Lear Family Foundation,,,310-385-4087,kiyomim@actiii.com
"Marcia Israel Foundation, Inc.",,,310-273-2501,JSN@NSBN.COM
"Northern Trust, NA",,,,shm2@ntrs.com
Paradigm Talent Agency,,,310-288-8000,rramos@paradigmagency.com
Paramount Pictures,,,,jennifer_lynch@paramount.com
Participant Media,,,,azou@participantmedia.com
PricewaterhouseCoopers,,,213-356-6525,susan.stone@us.pwc.com
Richenthal Foundation,,,212-472-0831,dr@richenthalfoundation.org
Shekels Charitable Foundation,,,213-228-8128,ashay@shekelsgroup.com
Simms/Mann Foundation,,,310-274-5520,vsimms711@yahoo.com
Stone Family Foundation,,,310-471-5633,aesthetic2000@hotmail.com
The Edward A. & Ai O Shay Family Foundation,,,213-228-8134,ashay@shekelsgroup.com
The Harold & Mimi Steinberg Charitable Trust,,,508-339-3810,deborah.martin@steinbergtrust.org
The Rosalinde & Arthur Gilbert Foundation,,,,sean.ostrovsky@gmail.com
The Shubert Foundation Inc,,,212-944-3777,vickir@shubertfoundation.org
The Simon-Strauss Foundation,,,,simonstraussfoundation@gmail.com
Theatre Communications Group,,,212-609-5900,
Thompson Coburn,,,310-552-6564,mwitengier@thompsoncoburn.com
Transamerica,,,213-742-3083,michael.centeno@transamerica.com
Twentieth Century Fox,,,310-369-8644,chelsey.summey@fox.com
Warner Bros. Entertainment,,,,kristine.pacifico@warnerbros.com
Westfield Group,,,,cford@us.westfield.com
William Morris Endeavor,,,310-248-3064,aemanuel_asst@wmeentertainment.com
COMMUNITIES OF COASTAL GEORGIA FOUNDATION INC ÿÿÿÿÿÿÿÿÿÿÿÿÿÿÿÿÿÿÿÿÿÿÿÿ,20-2454729,www.coastalgeorgiafoundation.org,912-268-4442,info@coastalgeorgiafoundation.org
"Carr, T. Patrick",,,,
Charlie Galupi,,,,
Malcolm Gibbs Foundation,13-4041340,,,
"Conley, Gene Foundation",,,,
ALLYN FOUNDATION INC,15-6017723,http://www.allynfoundation.org,(315) 685-5059,info@allynfoundation.org
ALMAR FOUNDATION,72-1371702,,(504) 523-1445,
Cornerstone Project,,,817-871-4000,
Amador Community Foundation Inc,68-0447992,amadorcommunityfoundation.org,209-2232148,
"Davis Family Foundation, Willam S ÿ",,,817-737-6678,
"Davis Foundation, Ken W.",,,817-332-4081,
Amarillo Area Foundation Inc,75-0978220,amarilloareafoundation.org,806-376-4521,Kathie@aaf-hf.org
AMERICAN SAVINGS FOUNDATION INC,30-0308972,http://www.asfdn.org,(860) 827-2556,info@asfdn.org
Philo Project,,http://www.philoproject.org/page3,215-375-4878,info@philoproject.org
The Fender Music Foundation,20-3436786,www.fendermusicfoundation.org,818-706-8742,
A Gary Anderson Family Foundation,33-0550267,,,
Lynn Foundation (Elizabeth A.),,http://elizabethalynnfoundation.org/,,
Raymond & Margaret Gee Foundation,,,,
Nell V. Bailey Charitable Trust,,,,
Web Maddox Trust,,,,
Ms. Molly Foundation,,,,
Presbyterian Hunger Fund,,,,
Banks Family Foundation,94-3301944,,,
BARRIOS TRUST,94-3323331,,,
First Tech Credit Union,,https://firsttech.profits4purpose.com/external/grants/create/573/recipient,,
Fluor Corporate Contributions Program/Fluor Foundation,,http://www.fluor.com/sustainability/community/fluor_giving/pages/applying_for_fluor_foundation_grants.aspx,,
Bishop Family Foundation,,,,
SATO FOUNDATION 80C 74C08,94-3356933,http://www.satofoundation.org/,415-454-5490,info@satofoundation.org
BERNARD E & ALBA WITKIN CHARITABLE FOUNDATION,73-1661679,,,
42nd Street Development Corp,,http://www.musicandthebrain.org/grant-app,46-448-9059,brainmusic@aol.com
Brady Education Foundation Inc,39-6064733,http://www.bradyeducationfoundation.org/applicationguidelines.html,,
Schneidmiller Family Foundation,82-0527600,,208-773-5466,
THE SAMUEL ROBERTS NOBLE FOUNDATION INC,73-0606209,,,
Able Trust,,www.abletrust.org,850-224-4493,info@abletrust.org
Cornell University,,http://www.birdsleuth.org/,800-843-2473,
Clif Family Foundation,,,,
Ca Dept Forestry and Fire Protection SRAFPF,,,,
Social Venture Partners,,http://www.socialventurepartners.org/seattle/how-you-fit-in/apply-for-a-grant/,,
Phillips (Benjamin N.) Foundation,,http://new.seattlefoundation.org/nonprofits/Nonprofit-Grant-Opportunities,,
RIGHTEOUS PERSONS FOUNDATION,95-4497916,,,
Bolthouse Farms Foundation,77-0186343,www.thebolthousefoundation.org,661-334-1915,
All In Alameda County,,http://www.acgov.org/allin,510-272-6693,allincommunity@acgov.org
The Kathryn Aames Foundation,,www.kathrynaames.org,,
BOZEMAN DEACONESS FOUNDATION,84-1407943,www.bozemanhealthfoundation.org,406-414-1085,
Ryan Foundation,,,,
Smith County Community Foundation,,http://smithcountycommunityfoundation.org/,,smithcounty@gscf.org
DON HOWARTH AND SUZELLE SMITH FOUNDATION,72-1546393,,,
FIRST HARVEST FOUNDATION,33-0938198,none,,
Johns Family Foundation,85-0348850,,,
Solomon Valley Community Foundation,,http://solomonvalleycf.org/,(785) 534-1126,solomonvalley@gscf.org
1st Call,,,8177590688,
Aerotek Staffing,,,8173454931,
AES Industries,,,8173417250,
Alexander Machines,,,8176254175,
Anchor Fabrications,,,8172324575,
ATP,,,8172253060,
Bell Helicopter,,,,
Brand FX,,,8174907877,
Bridge Foundation C/O Bruce Petty,,,,
Burnett Foundation,,,,
Carryover funds,,,,
"Clay Foundation, John and Mary Margaret",,,,
Communications Workers of America,,,,
"Dell, Michael & Susan",,https://www.msdf.org,,
DFW Door and Hardware,,,,
"Diesslin Foundation, Deena Jo Heide",,,,
Dodson Foundation,,,,
"Dorman Foundation, Virginia Clay",,,,
"Doss Foundation, James and Dorothy",,,,
Dubose Family Foundation,,,,
"Edwards Foundation, JES",,,,
Embrey Family Foundation,,,214-206-3577,
Enterprise Rent-a-Car,,,,carrie.l.fisher@ehi.com
Express Solutions,,,8177372900,
"Fahrenkamp, Thelma, Emil, & Edmund M.T.",,,,
"Fikes Foundation, Inc, Leland",,,214-754-0144,
Fitz Aerospace,,,8703782389,
"Florsheim Foundation, ann and Charles",,,,
Fluidic Technique,,,8174734481,
FTW Tower,,,8172253060,
"Garret Foundation, Kenneth and Cherrie",,,,
Garvey Texas Foundation,,,,
GBW Rail Car,,,,
GE Corp,,,,
"Gee, Raymond C & Margaret S Foundation",,,,
General Aviation,,,8175984848,
"Grace, Edith Winther Trust",,,,
GST Manufacturing,,,8175202320,
Haley Family Foundation,,,214-758-6434,mhawn@hbk.com
"Harmon Foundation, Halbert",,,,
Hayes & Stolz,,,8179263391,
"Helm, Willis C Charitable Trust",,,,
Hersh Foundation,,www.hershfoundation.org,,
Hillcrest Foundation,,https://www.bankofamerica.com/philanthropic/foundation.go?fnId=89,,
Hoblitzelle Foundation,,,214-373-0462,
Hoglund Foundation,,www.hoglundfoundation.org,214-987-3605,
IAM DL 776,,,,
IAM Local 2121,,,,
IAM Local 975,,,,
IAMAW Grand Lodge IntlG66P6A64:I66,,,,
Ironworkers,,,,
Jayco Stamping,,,8177591844,
Jibe Staffing,,,4692254576,
"Justin Foundation, John and jane",,,,
"King Foundation, Luther and Teresa",,,,
Kohl Foundation,,,,
"Kuhn, Michael & Alice Foundation",,http://kuhnfoundation.com,,
Link Staffing,,,8176495469,
Linn Foundation,,,,
"Littaur, Helen Irwin Educational Trust",,,,
Lockheed Martin AERO Club,,,,
Lockheed Martin Corportation,,,,
Lowdon Family Foundation,,,,
"Lupton Foundation, TJ Brown and CA",,,,
Machinist Union Local 776-ABC,,,,
Mansfield Area Marines,,,,
Marco Distribution,,,,
"McQueen, Adeline & George Foundation",,,817.884.4184,
Miles Foundation,,www.gfyfoundation.org,,
Moore Foundation,,,,
"Moreton, Robert D & Alma Foundation",,,,
Morris Foundation,,,,
Old Castle/Meadow Burke,,,8172939641,
OPEIU International,,,,
Pate Foundation,,,,
Paulos Foundation,,,,
PDQ,,,8174790888,
Penrose Foundation,,,,
Pisani Family Foundation,,,,
Plumbers and Pipeworkers,,,,
"Potishman, Leo Foundation",,,,
Premier Placements,,,8172304179,
Rainwater Foundation,,,,
Resource MFG,,,,
"Rhea Foundation, C&M",,,,
Roach Foundation,,,817-347-3216,
Roadmaster,,,8178389995,
Rose Family Foundation,,,,
Rosenthal Foundation,,,,
Sabre Industries/FTW Tower,,,,
Samsill,,,8175361906 x 223,
Schaefer Mould Inc,,,8175347461,
Schollmaier Foundation,,,,
"Scott Foundation, William E.",,rkelly@deckerjones.com,,
SCS Steel,,,8174296980,
"Shumake Foundation, Guido and Ruth",,,,
Sid Richardson Foundation,,,,
"Smith Foundation, Herman and Patsy",,,,
"Snyder Foundation, Nancy and John",,,,
SouthStar,,,8173372100,
"Sparks, Helen Gertrude Charitable Trust",,,,
Steel Tex Fabrications,,,8172250973,
Steve Williams,,,,
Structural Steel,,,8178692301,
"Sturgis, Roy & Christine Charitable Trust",,,,
Sweeney Hardwood,,,,
Tarrant County Labor Council,,,,
TD Industries,,,,
Thompson Family Foundation,,,817-335-1700,
Thyssenkrupp,,,,
Tin Man Enterprises,,,8172886116 x 102/104,
Tote Systems,,,8174479110,
Trinity Industries,,,,
TSC Staffing,,,8174655522,
Turbine Resources,,,8175481041,
UAW 218,,,,
UMC (Pipe Welding),,,,
Valley Roller,,,8174538950,
Virginia Hobbs Charitable Trust,,,,
Wagner Smith,,,8174478085,
Walsh Foundation,,,,
Weir SPM,,,8172462461,
Women's Leadership Council,,open,817-258-8012,
Wrightsmand Education Fund,,,,
"Young Foundation, Inc, George and Fay",,,972-404-4001,
National Science Foundation Employees Association,52-1632920,,,
The Binky Foundation,20-2043464,http://www.binkyfoundation.org,,info@binkyfoundation.org
Texas Parks and Wildlife,,https://tpwd.texas.gov/,512-389-4800,
Dallas Foundation,,dallasfoundation.org,214-741-9898,
International Community Foundation,33-0457858,www.icfdn.org,619-336-2256,
Allstate Foundation Volunteer Grant,,https://www.allstatefoundation.org/foundation_agency_owner.html,,
Batters Up USA,,http://www.battersupusa.org/Equipment.html,,
BJ's Wholesale Club,,http://www.bjs.com/bjs-charitable-foundation.content.about_charitable.A.about_community2,,
Bowler's Ed (GIK school bowling lane kits),,http://www.bowl.com/Youth-Resource-Center/Bowlers-Ed/,,
CDBG Public Works Grant,,http://www.coj.net/departments/neighborhoods/housing-and-community-development/community-development/programs/community-development-block-grant-program.aspx,904-255-8241,cdd@coj.net
Childress Foundation,,,,
Community First Cares Foundation,,http://www.communityfirstcares.org/how-to-apply/,904-371-8090,info@communityfirstcares.org
Delores Barr Weaver Fund,,,,
Dignity U Wear,,,,
Doherty Enterprises,,http://www.dohertyinc.com/community-connection.html,,
Edna McConnell Clark Foundation,,http://www.emcf.org/grantees/for-grantseekers/,,
Edna Sproull Williams Foundation,51-0198606,http://www.eswfdn.org/,,
EverBank,,https://about.everbank/company/community,,
Fanny Landwirth Foundation,,http://fannylandwirthfoundation.org/Guidelines.html,,info@fannylandwirthfoundation.org
Fifth Third Foundation,,https://www.53.com/doc/pe/guidelines-for-grantseekers-foundation.pdf,,
Firehouse Subs Public Safety Foundation,,http://grants.firehousesubs.com/,,
GATE Foundation,,http://www.gatepetro.com/charity,904-448-2979,
George M. Baldwin Foundation,,,,
Google for Education,,,,
"H&R Coffee Company, Inc.",,,,
Hagan Family Foundation,,http://www.hagenfamilyfoundation.org/,,
HandsOn Jacksonville,,,,
Henry Niles Foundation,,http://www.heniles.org/application-process.html,,
Highlander Center,,http://highlandercenter.org/programs/we-shall-overcome-fund/,865-228-7900,swoadmin@highlandercenter.org
Holland & Knight Charitable Foundation,,https://www.hklaw.com/Charitable-Giving/,,foundation@hklaw.com
Interline Brands,,https://www.interlinebrands.com/About-Us/CorporateSocialResponsibility/GeneralGuidelines,,
International Paper,,http://www.internationalpaper.com/company/regions/north-america/ip-foundation-usa/apply-for-a-grant,,
Jacksonville Sheriff's Office,,,,
Jaguars Foundation,,http://www.nfl.jaguars.com,904-633-6599,kirall@nfl.jaguars.com
JSO Forfeiture Funds (BUS) Report due,,http://www.jaxsheriff.org,904-630-2809,melissa.conger@jaxsheriff.org
KidsGardening.org,,http://www.kidsgardening.org/garden-grants/,802-660-4604,
Kinder Morgan,,http://www.kindermorgan.com/pages/community/km_foundation_guidelines.aspx,303-914-7655,km_foundation@kindermorgan.com
Lowe's Community Partner Grants,,http://responsibility.lowes.com/apply-for-a-grant/,,community@lowes.com
Lucy Gooding Charitable Foundation Trust,,,904-786-4796,bhsmith@bellsouth.net
McCarthey Dressman Educ Foundation,,https://mccartheydressman.org/academic-enrichment-grants/,,
Pajama Program (PJ's and Books),,http://pajamaprogram.org/,212-716-9757,
PARC Foundation,,http://parc-foundation.org,904-732-7272,Bob.Baldwin@parc-foundation.org
Rayonier Inc.,,http://www.rayonier.com,904-357-9100,
Riverside Hospital Foundation,,http://www.riversidehospitalfdn.org/riverside_hospital_foundation_grant_application.html,,
Rotary Club of Ponte Vedra Beach,,,904-463-7775,dionne@accountex.us
Rotary Club of South Jacksonville,,http://www.southjaxrotary.org/,904-994-7355,rotaryexecsec@aol.com
Stellar Foundation,,http://www.stellar.net/our-company/stellar-foundation/grant-request.aspx,,
The BBVA Compass Foundation,,https://www.bbvacompass.com/about-us/corporate-responsibility/foundations.jsp,,grants.us@bbva.com
The Harry and Jeanette Weinberg Foundation,,http://hjweinbergfoundation.org/grants/,410-654-8500,mhunn@hjweinberg.org
The Lucy Gooding Charitable Foundation Trust,,,,
The Malone Family Foundation,,http://www.themalonefamilyfoundation.org/guidelines.html,205-423-0901,info@themalonefamilyfoundation.org
The Mazda Foundation,,http://www.mazdafoundation.org/grant-guidelines/,,applications@mazdafoundation.org
The Meninak Club of Jacksonville,,http://www.meninak.org/programs/charity-grant.html,,
The Players Championship - PGA Tour,,http://www.pgatour.com/tournaments/the-players-championship/charity.html,,
Women's Giving Alliance,,https://www.wganefl.org/apply-for-a-grant,,
Port of Corpus Christi Industrial Development Authority,74-2189972,http://www.portofcc.com/index.php/community-158/sponsorship,,sponsorships@pocca.com
SULICA FUND INC,52-2199624,,,
The Estill Foundation,74-1892894,,,
J.M. Kaplan Foundation,,http://www.jmkfund.org,,
City of Menifee,,,,
Americares Oral Health Project,,,,
Michael and Mary M. Smith Fund,,,,
Morgan Family Foundation,48-1024615,,,
Harry J. Lloyd Charitable Trust,43-6689416,www.hjltrust.org,(913) 851-2174,
Berkshire Bank Foundation,,,,
Hiland Dairy Foods,,http://www.hilanddairy.com/,417-862-9311,
IRVIN STERN FOUNDATION,36-6047947,,,
Mazza Foundation,36-6054751,,,
NOLL FOUNDATION INC,99-0209620,,,
Foundation for Health Enhancement,,,,
Fred & Jean Allegretti Foundation Inc,36-4110761,www.allegrettifoundation.org,224-655-6405,
Beatrice P. Delany Charitable Trust,,,,
MAX GOLDENBERG FOUNDATION HARRIS TRUST & SAVINGS BANK TTEE,36-2471625,,,
Dr Ralph and Marian Falk Medical Research Trust,36-6975534,,,
Endocrine Fellows Foundation,,,,
"American Diabetes Association, Inc.",13-1623888,diabetes.org,800-3422383,
CHICAGO TITLE & TRUST COMPANY FOUNDATION,36-6036809,,,
James C Tyree Charitable Foundation,45-3089917,,,
"The Diabetes Action Research and Education Foundation, Inc.",52-1714027,http://www.diabetesaction.org,202-333-4520,
ABT FAMILY CHARITABLE FOUNDATION,36-3583929,,,
Andrew & Alice Fischer Charitable Trust,20-6792124,,,
American Medical Association Foundation,36-6080517,www.amafoundation.org,312-464-5864,
BERTRAND HOPPER MEMORIAL FOUNDATION,37-6026794,,,
Andrew and Alice Fischer Charitable Trust,,,,
"Chicago White Sox Charities, Inc.",36-3719918,,,
Clarcor Foundation,36-6032573,,,
CNH America LLC,,,,
Medtronic Corporate Giving Program,,,,
ILLINOIS HUMANITIES,37-0971586,http://www.ILhumanities.org,312-,
E C Styberg Foundation Inc,39-1410323,,,
Arts Place,,,,
Illinois Faciities Fund,,,,
Gochnauer Family Foundation,,http://www.gochnauer.org/,,giving@gochnauer.org
HNI CHARITABLE FOUNDATION,42-1246787,,,
KITTY M PERKINS FOUNDATION,36-6154399,http://www.kmpfoundation.com/,,
Nevada Test Site Historical Foundation,88-0392763,http://www.atomictestingmuseum.org,702-794-5140,
Local Initiatives Support Corporation,,,,
New Schools Venture Fund,,,,
Old National Bank Foundation Inc,26-0130059,,812-464-1515,
OLIN CORPORATION VEBA,56-6511825,,,
Roundy's Foundation,,,,
Roy J Carver Charitable Tr,42-1186589,,,
Network for Strong Communities-Paulie Award,,,314-961-7600,
Wyss Foundation,25-1823874,http://www.wyssfoundation.org,(202) 232-4418,email@wyssfoundation.org
ASOST,,,,
Parker Hannifin Rancor Division,,,209-575-7401,sknott@parker.com
Tony Hawk Foundation,,,,
Scott B. and Annie P. Appleby Charitable Trust,,,,
SOMMER FAMILY FOUNDATION INC,36-3218800,,,
Gladys Brooks Foundation Uw Gladys B Thayer,13-2955337,http://www.gladysbrooksfoundation.org/,,
Ralph & Donna Korte Family Charitable Fund,,,,
ABRA PRENTICE FOUNDATION INC,36-3092281,,,
Ohio Developmental Disabilities Council,,ddcohio.gov,,
CHICAGO FIRE FOUNDATION,91-1931487,www.chicago-fire.com/community/foundation,,
Florida State University Foundation Inc,59-6152180,,,
Edward N & Della Thome Memorial Foundation,,,,
500 Year Forest Foundation,54-1870625,www.500yearforest.org,434-953-3325,
Schramm Foundation,,,,
T LLOYD KELLY FOUNDATION,36-6050341,,,
Chicago Bulls Community Assist Fund,36-3544506,http://donate.mccormickfoundation.org/page.aspx?pid=661,,
BUTLER FAMILY FOUNDATION,36-6101775,,,
Standard Register Healthcare,,,,
ARCH W SHAW FOUNDATION,36-6055262,,,
Prince Charitable Trusts,,http://princetrusts.org/chicago/chicago-areas-of-interest/health/,,
GROVER HERMANN FOUNDATION,36-6064489,,,
REGENSTEIN FOUNDATION,36-3152531,,,
JAY CUTLER FOUNDATION,26-1249152,,,
The John R Houlsby Foundation,36-3915186,,,
WALGREEN CO CONTRIBUTIONS PROGRAM,,,,
WESLEY LUEHRING FOUNDATION,36-3616086,,,
Alliant Energy Corporation,,,,
AMEREN CHARITABLE TRUST,43-6022693,,,
american airlines global giving,,,,
ARCELORMITTAL USA FOUNDATION INC,35-2121803,,,
Blended Catalyst Fund,,,,
Edelman Inc Contributions Program,,,,
Elks National Foundation,04-6038176,http://www.elks.org/enf,773-755-4728,
ESPER A PETERSEN FOUNDATION,36-6125570,,,
Exelon Corporation Contributions,,,,
Million Dollar Round Table Foundation,36-6080766,WWW.MDRTFOUNDATION.ORG,,
PASQUINELLI FAMILY FOUNDATION,36-4157643,,,
PNC Bank Foundation,,,,
Siegle Family Foundation,,,,
United Way of Metropolitan Chicago,30-0200478,http://LIVEUNITEDchicago.org,312-906-2350,
US Gypsum Foundation,,,,
W. P. and H. B. White Foundation,,,,
W R GRACE FOUNDATION INC,65-0630671,,,
WM WRIGLEY JR COMPANY FOUNDATION,36-3486958,,,
Children's Aid Society,13-5562191,http://www.childrensaidsociety.org,212-949-4936,
Reed FD,,,,
Grace Helen Spearman FD,,,,
Costco Community,,,,
Merchant Bank,,,,
Walmart Stores,,,,
Stater Bros Markets,,,,
Bershire Hathaway FD,,,,
Food 4 Less FD,,,,
Big 5,,,,
W.L. Kellogg FD,,,,
Boeing FD,,,,
Sprint FD,,,,
Cisco FD,,,,
Gamestop FD,,,,
Ingram Micro FD,,,,
Golden State Foods FD,,,,
Aflac FD,,,,
CFCC Water Funds,,,,
Orange County Health Care Foundation,,,,
"HDR, Inc.",,,,
Brinker FD,,,,
ZZAnimal Welfare Trust,,,,
DJ & T Foundation,,,,
"Chrysalis Foundation, The",,,,
ZZBeveridge Family Foundation Inc,31-1698286,http://www.beveridge.org,800-600-3723,
ZZNina Mason Pulliam Charitable Trust,,,,
Regina B. Frankenberg Foundation,,,,
"ZZBen & Jerry's Foundation, Inc.",,,,
Leonardo DiCaprio Foundation,,,,
ZZMax and Victoria Dreyfus Foundation,,,,
ZZGEORGIA-PACIFIC FOUNDATION,93-6023726,,,
The Greenbaum Foundation,87-6217358,http://www.greenbaumfoundation.org/,858-759-8835,
Aslan Foundation,62-1520208,,,
Global Sanctuary for Elephants,46-3564818,http://www.globalelephants.org,,
ZZDORIS DUKE FOUNDATION FOR THE PRESERVATION OF ENDANGERED WILDLIF,13-7043678,,,
DJ & T Foundation,95-4499239,www.djtfoundation.org,323-819-9295,info@djtfoundation.org
Swanson Biggs Adams Family Foundation,47-0819275,,603-213-6449,cidermill@comcast.net
"National Breast Cancer Foundation, Inc.",75-2391148,www.nbcf.org,972-248-9200,
Hope Dispensary,,http://www.hopedispensarybridgeport.org/,203 332 5653,
Greenworks Grants,,,,
Robert F. Schumann Foundation,,,,
Bayer Foundation,,,,
"The Francis and Miranda Childress Foundation, Inc.",59-1051733,,904-396-4015,
Nature Defense Foundation,47-5062500,www.naturedefensefoundation.org,415-595-5594,sarah@sarahshaw.com
Astellas USA Foundation,,,,
Sunsystem Development Corporation,59-2219301,www.floridahospital.com,407-303-9590,
CHASE WILDLIFE FOUNDATION,22-2968708,,,
Walters Family Foundation,93-1280994,,,
Juntos Podemos,,juntospodemos.mx,(210) 468-1977,contacto@juntospodemos.org.mx
Donald Slavik Family Foundation,43-1778633,,,
GAYLE H AND PETER BICKERS FOUNDATION,75-2788931,,,
Franklin Philanthropic Foundation,36-3668125,,,
The Dominion Foundation,,,,
SIMONS FAMILY FOUNDATION,76-0537712,,,
11th Hour Racing,20-4170342,http://11thhourracing.org/,4018569289,info@11thhourracing.org
Abraham Kaplan Charitable Foundation,04-6067737,,(781) 639-1910,
Adelard A and Valeda Lea Roy Foundation,04-6652923,,8024985729,revnsmith@gmail.com
Alex C Walker Educational Charitable Trust,,,,
Arthur L and Elaine V Johnson Foundation,36-3739494,www.aljfoundation.org,(480) 632-8693,info@aljfoundation.org
Bank RI,,,,
Bay and Paul Foundation,13-1991717,www.bayandpaulfoundations.org,(212) 663-1115,info@bayandpaulfoundations.org
Bay Coast Bank,,,,
Blackstone River Coalition,,,,
Bonnell Cove Foundation,13-3556721,https://www.cruisingclub.org/about/about_bonnell.htm,,
Bridgehaven Foundation,20-5259532,,(215) 238-9349,
Brightman Hill Charitable Foundation,05-0508705,,(401) 377-2820,
Bristol County Savings Chaitable Foundation,,,,
Brown Rudnick Center for Public Interest,,,,
Bydale Foundation,,,,
Carter Family Charitable Trust,05-6093256,,(401) 421-0116,
Charles A Freauff Foundation,13-5605371,www.frueauff.org,(501) 324-2233,
Charter Charitable Foundation,,,,
CHT Foundation,20-6164250,,,
City of Warwick,,,,
Clif Bar Foundation,20-4345935,www.clifbarfamilyfoundation.org,(510) 596-6383,familyfoundation@clifbar.com
Conservation Media Group,,,,
Cornell Douglas Foundation,65-1287707,www.cornelldouglas.org,(301) 229-3008,
Cricket Foundation,04-2655735,,,gbutterworth@goodwinprocter.com
CRMC,,,,
Dime Bank Foundation,06-1507800,dime-bank.com/dime-foundation.php,(860) 859-4300,foundation@dime-bank.com
Douglas and Barbara Barrett Family Foundation,27-6020539,,(860) 536-7094,
Earnest F Hollings Ocean Awareness Trust Fund,,,,
Eastern Outdoor Reps Assn,,,,
Edwin Sofrenko Foundation,05-6019803,,4012824743,
Elms Foundation,05-0450051,,,
Esther B. Kahn Charitable Foundation,04-6869254,www.estherbkahn.org,(617) 248-4814,estherbkahn@choate.com
Field's Pond Foundation,04-3196041,www.fieldspond.org,(781) 899-9990,info@fieldspond.org
Frank B. Hazard General Charitable Fund,05-6004659,,8003577094,ri.grantmaking@ustrust.com
Frederick C. Tanner Memorial Fund,05-6011617,,(401) 722-6530,
G. Unger Vetelson Foundation,13-1982695,www.vetlesenfoundation.org,(212) 586-0700,info@vetlesenfoundation.org
Geoffrey C Huges Foundation,13-3622255,,,
George and Miram Martin Foundation,23-2828201,www.themartinfoundation.org,(215) 587-8400,gmteam@paworkinjury.com
Goggio Family Foundation,26-3924816,goggiofoundation.org/tiki-index.php,,info@goggiofoundation.org
Gregory and Claire Wilcox Foundation,80-0326194,,,
H.O. Peet Foundation,,,(202) 965-3951,
Haffenreffer Family Foundation,,,,
Harvey Firestone Jr Foundation,34-1388254,,(313) 961-0500,
Hassenfeld Family Foundation,05-6015373,,4017575000,
Hazard Family Foundation,04-3338927,,,
Heinman Foundation,,,,
Honda,,,,
Horace A Kimball Foundation,05-6006130,www.hkimballfoundation.org,(401) 364-7799,
Ida Ballou Littlefield Memorial Trust,22-2994936,,(401) 274-2000,
Island Foundation,04-2670567,islandfdn.org,(508) 748-2809,skelley@islandfnd.org
Ittleson Foundation,51-0172757,www.ittlesonfoundation.org,(212) 794-2008,
James M Cox Foundation,58-6032469,http://coxenterprises.com/corporate-responsibility/giving/foundations.aspx#.WA9aUeUrLcs,(678) 645-0929,coxfoundation@coxinc.om
Jarabek Family Charitable Foundation,31-1689647,,(508) 672-3656,
Jessie B Cox Foundation,,,,
Joan and Leonard Engle Family Foundation,22-2751779,,(401) 454-7600,
John Clarke Trust,,https://www.bankofamerica.com/philanthropic/grantmaking.go,,ma.ri.grantmaking@ustrust.com
June Rockwell Levy Foundation,04-6074284,,(617) 574-3426,
Kars 4 Kids,,,,
KEEN Effect,,,,
Keen Foundation,,,,
Lattner Family Foundation,20-3106502,,(561) 266-9494,fcfhlattner@bellsouth.net
Lewis Family Foundation,,,,
MA Executive Office of Energy and Environmental Affairs,,,,
MA Federal 319 Nonpoint Source grant,,,,
Mabel T Woolley Trust,05-6127256,,8888663275,
Mann Family Foundation,05-0494136,,(401) 521-1580,
Mary Dexter Chaffee Fund,05-6006295,,(401) 751-2702,
Massachusetts Environmental Trust,,,,
Max and Victoria Dreyfuss Foundation,13-1687573,mvdreyfusfoundation.org,(202) 337-3300,info@mvdreyfusfoundation.org
McBean Charitable Trust,94-3019660,McBeanProperties@att.net,(925) 516-6212,
MeadWestVaco Foundation,06-1652243,www.mwvfoundation.org,(804) 327-6402,foundation@mwv.com
MEDITECH,,,,
Meehan Family Foundation,05-6015366,,(401) 751-1414,
Murray Family Foundation,05-0475089,,(401) 444-0818,pmcnamara712@aol.com
NAAEE UL Innovators in Education Award,,,,
Narrgansett Bay Commission,,,,
NEIWPCC,,,,
Newport County Chamber,,,,
Newport Fed Charitable Foundation,,,,
Norcross Wildlife Foundation,13-2041622,www.norcrossws.org,(212) 362-4831,
Normandie Foundation,13-6213564,,2122309800,
NRCS,,,,
Ocean Foundation,,,,
Ocean State Charities,,,,
Orvis,,,,
Patrick Carney Foundation,04-6614314,,(508) 279-4300,
Paul M. Angell Foundation,27-4818015,pmangellfamfound.org,(773) 628-6980,kim@pmangellfamfound.org
Prince Charitable Trust,,princetrusts.org,,tfron@prince-trusts.org
Providence Journal Charitable Legacy Fund,,,,
Providence Parks and City of Providence,,,,
RAE NYCT,,,,
Ramlose Foundation,04-6048231,http://www.ramlose.org/,,david@ramlose.org
REI: Local Grants,,,,
RIDEM: Earth Day Grant,,,,
Rivendell Foundation,22-3684209,,(518) 251-3711,
Robert F Stoico/FIRSTFED Charitable Foundation,04-3343529,www.stoicofirstfed.org,,
Rockland Trust,20-2668833,www.rocklandtrust.com,(781) 982-6637,jeanne.travers@rocklandtrust.com
Rocky Point Foundation,,,,
Rotary Club of Fall River,,,,
Rotary Club of Warwick,,,,
Sarah De Couizart 10th Perpetual Trust,13-7046581,fdnweb.org/decoizart,,
Sasco Foundation,13-6046567,,8668885157,
Schneider Electric Foundation,,,,
SI Financial Group Foundation,58-2683983,,(860) 456-6509,sifigfoundation@banksi.com
Smart Family Foundation,06-1232323,,(914) 632-2762,
State of RI Legislative Grant,,,,
TACO/The White Family Foundation,05-0509502,www.thewhitefamilyfoundation.com,(401) 942-8000,
Temper of the Times,13-3900955,www.temperfund.org,(914) 925-0022,
Textron Charitable Trust,25-6115832,http://www.textron.com/About/Our-Commitment/Charitable-Giving,(401) 457-3573,kwarfield@textron.com
TWS Foundation,13-3258067,,(561) 314-0800,
US Fish and Wildlife,,,,
van Beuren Foundation,22-2773769,www.vbcfoundation.org,(401) 619-5910,
Wallace Genetic Foundation,13-6162575,www.wallacegenetic.org,(202) 966-2932,wgfdn@aol.com
Waste Management Inc,,,,
Whitehead Foundation,20-5605569,,,
Woodard & Curran,,,,
YLACES,,,,
Treacy Foundation Inc,73-1333867,www.treacyfoundation.org,,kimmy@treacyfoundation.org
Youngblood Trust,,,,
Ohio Bureau of Worker's Compensation,,,,
St Lukes Hospital of Kansas City,44-0545297,WWW.SAINTLUKESHEALTHSYSTEM.ORG,,
Luminescence Foundation,54-1989253,,540-687-6644,
Joseph A Lavezzo Fund,,,,
Safe Routes to Schools,,http://www.wsdot.wa.gov/LocalPrograms/SafeRoutes/funding.htm,,
Heritage Harbor,,,,
Gimbel Foundation Fund/The Community Foundation,33-0748536,https://www.thecommunityfoundation.net/,951.241.7777,ccudiamat@thecommunityfoundation.net
Kiwanis Foundation of Tampa Inc,,WWW.TAMPAKIWANIS.ORG,,
SUNCOAST CREDIT UNION FOUNDATION,59-3037324,,,
Lucy Gooding Charitable Foundation Trust,59-2891582,,,
Geraldine R. Dodge Foundation,,,,
TJ Max Foundation,,,,
STEPHEN & MARY BIRCH FOUNDATION INC,22-1713022,,,
PRIDDY FOUNDATION,75-6029882,,,
BURT FAMILY FOUNDATION INC,30-0633793,,,
Monmouth County Workforce Investment Board,,,,
Jean Felsted Charitable Fund,,,,
RALPH NYE CHARITABLE FOUNDATION,94-2765986,,,rnye@me.com
The Dick and Jane Schmitt Charitable Fund,,,,
The B-M-V-K Ewton Family Charitable Fund,,,,
George S Eccles and Delores Dore Eccles Foundation,87-6118245,,,
HENRY W & LESLIE M ESKUCHE CHARITABLE FOUNDATION,87-6179296,,,
ERIC D AND STEVEN D HOVDE FOUNDATION,52-2107093,,,
C SCOTT AND DOROTHY E WATKINS CHARITABLE FOUNDATION,87-6218993,,,
SPENCER F AND CLEONE P ECCLES FAMILY FOUNDATION,87-6227329,,,
Herbert I & Elsa B Michael Foundation,87-6122556,,,
KENNETH P AND SALLY RICH BURBIDGE FOUNDATION NO 2,27-1666803,,,
Butler Family Fund,52-1786778,,,
BERTIN FAMILY FOUNDATION,87-0638640,,,
Castle Foundation 94302320,87-6117177,,,
FLORENCE J GILLMOR FOUNDATION,87-0483666,,,
JNF FOUNDATION,26-0523149,,,
STEINER FOUNDATION INC,87-6119190,,,
TANNER CHARITABLE TRUST,87-6125059,,,
D FORREST GREENE AND GERDA M GREENE FOUNDATION,94-3382293,,,
FUNDING PASSION AND LOVE FOUNDATION INC,20-0451720,,,
HEMINGWAY FOUNDATION,87-6205846,,,
SKOLNICK FOUNDATION,87-0567067,,,
Flamboyan Foundation Inc,20-8924675,http://flamboyanfoundation.org,(202) 315-2410,info@flamboyanfoundation.org
Bruner Foundation,13-6180803,http://www.rudybruneraward.org/apply/,,
Collaboration Prize,,,,
SUPERSTAR FOUNDATION INC,20-8892908,www.superstarfoundation.org,443-,
Montgomery County Collaboration Council for Child Youth & Families,14-1904589,collaborationcouncil.org,(301)354-4915,
Bharucha Foundation,,,,
Marion Kenworthy Foundation,,,,
THE GROSSMAN FAMILY FOUNDATION,26-3919092,,,
Ethel & Abe Lapides Foundation Inc,06-6068567,,,
ADIM Faculty Development Grant,,,,
Citgo Employees Benefit Trust,73-1188322,https://www.citgo.com/SocialResponsibility/GrantSponsorship.jsp,,
Center for International Private Enterprise Inc,52-1398742,www.cipe.org,202-721-9200,
Aetna,,,,
BBVA COMPASS,,,,
City of Jacksonville,,http://www.coj.net/departments/advisory-boards-and-commissions/public-service-grant-council.aspx,,
PGA Tour/The Players Red Coat Grant,,,,
Ponte Vedra Rotary Foundation,,,,
Sapphire Award,,,,
Scheidel Foundation,,scheidelfoundation.org,,cw@scheidelfoundation.org
The Jim Moran Foundation,,www.jimmoranfoundation.org,,khalil.zeinieh@jimmoranfoundation.org
Tomberg,,,,
Sandy Batchelor Co-CEO,,,,
Corymore Foundation,,,,
Bernau Family Foundation,22-3382599,,,
Albertons Companies Foundation,,http://national.albertsonscompaniesfoundation.org/get-funded/,,
Jewish Federation of Greater Dallas,75-0800654,www.jewishdallas.org,214-615-5230,
American Immigration Council,52-1549711,http://www.americanimmigrationcouncil.org,202-507-7500,
Rockland County Youth Bureau,,,,
Campbell's Soup Foundation,,,,
ESA Foundation,,http://www.esafoundation.org/,,esafinfo@theesa.com
City of Sacramento,,"city of sacramento under ""bids""",,
California Department of Education-Early Education and Support Division,,,,
SAM AND VICTORIA REED FAMILY FOUNDATION,36-4393893,,,
CEPG City Enhancement Program Grant,,,,
Richard S Reynolds Foundation,54-6037003,,,
V. Kann Rasmussen Foundation,22-3101266,http://www.vkrf.org/content/contact-us,(212) 812-4271,mgavin@vkrf.org
Siebel Family Charitable Foundation,,,,
BIBLER FOUNDATION INC,81-0528466,,,
General Services Administration,,,,
EDWIN T MEREDITH FOUNDATION,42-6059818,,,
Constellation Foundation,,,,
Goldhirsh Foundation,,,,
LA 2050,,,,
The Herbert Simon Family Foundation,,,,
Lemelson Foundation,,,,
iNVESTOR's FOUNDATION,20-3743857,https://www.investorsbankfoundation.org/,,
Lester and Bernice Smith Foundation,91-1156087,,,
ASH FAMILY FOUNDATION,91-1578235,,,
Charles and Lisa Simonyi Fund for Arts and Sciences,55-0846712,,,
Herbold Foundation,32-0046141,,,
Thurston Charitable Foundation,91-6055032,,,
4Culture,,4culture.org,206-296-7580,
MICROSOFT CORPORATION 501C9 TR,13-7086370,,,
Sunrise Optimist Foundation of Freehold,,,,
Kline Foundation,,,717-561-4373,
Brokell Foundation,,www.brokellfoundation@gmail.com,202-491-9902,tkbrozost1@gmail.com
Commission on Minority Health,,,,
The Perot Foundation,,,,
Phillips Foundation / KERMIT G PHILLIPS II CHARITABLE TR,04-6977585,www.phillipsfoundationnc.org,336-458-0806,info@phillipsfoundationnc.org
FIREHOUSE SUBS PUBLIC SAFETY FOUNDATION INC,20-3588745,www.firehousesubs.com/foundation,,
FIND US FAITHFUL FOUNDATION,20-5632085,none,,
Thrivent Financial Foundation,,https://www.thrivent.com/making-a-difference/living-generously/,,
Golden One Credit Union,,https://www.golden1.com/communitygrants/default,,
Harvego Family Foundation,68-0422816,,916.852.2770,
Fortress Foundation,20-5513182,,,
KOHL FOUNDATION,36-3214720,www.kohlfoundation.org,,
TEXAS SHILOM FOUNDATION,74-2883718,,,
The Collaboration Prize,,http://www.thecollaborationprize.org/,,
ARCH L FERGUSON FOUNDATION,23-7103241,,,
VANBERG FAMILY FOUNDATION,75-2342463,,,
WILLIAM Z HAYES FOUNDATION UW WILLIAM Z HAYES,75-6245477,,,
Siemer Institute for Family Stability,,http://familystability.org/,,
BEULAH T LEITH CHARITABLE TRUST,76-6051842,,,
Pogue Family Missions Society,27-4285936,www.texasgodchicks.com,,
The Mortenson Family Foundation,41-1958621,,,
ASIAN MISSIONS FOUNDATION LTD,84-1143188,,,
HARDING FOUNDATION,74-6025883,,,
Center Club Foundation,,,,
Rotary Club of Point West - Sacramento,,http://portal.clubrunner.ca/2266/SitePage/grant-review,,
CHRISTIAN HERITAGE FOUNDATION INC,75-3089059,http://www.thechristianheritagefoundation.com/,,
GLOBAL CHRISTIAN INTERACTION INC,39-1695712,,,
ACORN INVESTING INC,36-3905593,,,
MCBETH FOUNDATION TRUST 021290,33-0399736,http://mcbethfoundation.com/,,
Faith and Freedom Foundation,25-6084055,,,
Carol Foundation,26-0053395,,,
Lc and Mary Worley Memorialfoundation,20-3964693,,,
GUINN FOUNDATION INC,75-1735688,none,,
Proverbs 3-9 Foundation,26-1484953,,,
THE LOOPER FOUNDATION,76-0330594,,,
MARGARET IRENE TAYLOR NELSON FAMILY FOUNDATION INC,43-1864378,,,
PLYLER FAMILY EVANGELISM FOUNDATION,02-0536810,,,
WEIR FOUNDATION,75-1943678,,,
ELROY AND VICKIE WISIAN MINISTRIES INC,02-0729737,,,
Marta Heflin Foundation,47-2509549,www.martaheflinfoundation.org p/word: MHF091813,,grants@martaheflinfoundation.org
Steves Square Foundation,,www.stevenssquarefoundation.org,(612) 825-1368,alicehill@stevenssquarefoundation.org
BIEBER FAMILY FOUNDATION,41-1679484,,,
BUUCK FAMILY FOUNDATION,41-1796911,,,
DEIKEL FAMILY FOUNDATION,41-1651703,,(952) 697-4041,
KANSAS BAR ASSOCIATION,48-0130775,WWW.KSBAR.ORG,,
USDA and Rural Development,,,,
FAEGRE BAKER DANIELS FOUNDATION,41-1766405,www.faegrebd.com/community,(612) 766-7000,
Henry J Kaiser Family Foundation,94-6064808,www.kff.org,,
Lindquist & Vennum Foundation,,http://www.lindquist.com/Our-Firm/Community#wc_LindquistFoundation,(612) 371-3533,
Longview Foundation,41-1957581,,,
Mille Lacs Corporate Ventures,,http://mlcorporateventures.com/philanthropy/donation-guidelines/,(320) 532-8810,inquiries@mlcorporateventures.com
Richard M. Schulze Family Foundation,46-5588406,https://www.schulzefamilyfoundation.org/,(952) 324-8910,
PVA Education Foundation,,http://www.pva.org/site/c.ajIRK9NJLcJ2E/b.6305829/k.6E40/PVA_Education_Foundation.htm,,
Erza Jack Foundation,,http://www.ezra-jack-keats.org/faq/faq-mini-grants/,,
AIR FORCE ASSOCIATION,52-6043929,http://www.afa.org/informationfor/teachers/k12grants/educatorgrants,,
Variety the Children's Charity of New York,13-1591127,http://varietyny.org/our-work/apply-for-a-grant,212-760-2777,
Shell United States,,http://www.shell.us/sustainability/request-for-a-grant-from-shell.html,,
Stronge,,,(651) 482-9714,
FREDERICK O WATSON FOUNDATION,41-1625546,,,
The R.C. Musson & Katharine M. Musson Charitable Foundation,,,,
John & Juanita Sanders Foundation,,,,
GAR Foundation,,,,
The Hillier Family Foundation,,,,
Lloyd L. & Louise K. Smith Foundation,,,,
Glenn R. and Alice V. Boggess Memorial Foundation,,,,
M.G. O'Neil Foundation,,,,
Walter Henry Freygang Foundation,,,,
Illinois Mentoring Group,,,,
Kenneth S. Batye Charitable Trust,52-1748587,,,ksbattyecharitabletrust@yahoo.com
OPEN SOCIETY FOUNDATION,26-0248258,,,
The Edward Wisner Donation,,,,
Drucker Prize for Social Innovation,,,,
Moss Foundation/ Jerry + Ann Moss,,,,
PACIFICSOURCE FOUNDATION FOR HEALTH IMPROVEMENT,93-1100080,,,
Bently Foundation,,,,
Fifth Share Fund,,,,
Swain Barber/Peter Grousebeck/ Grousebeck Fam Foundation,,,,
Fink Family Foundation,13-3872846,http://www.thefinkfamilyfoundation.org/,,
Closed Loop Foundation,,,,
Sante Fe Natural Tobacco Company Foundation,,www.sfntcfoundation.org,,
Tulalip Cares,,http://www.tulalipcares.org/Applications/Charitable_Contributions_Grant_Application ÿ,,
Boeing - Community Engagement,,http://www.boeing.com/resources/boeingdotcom/principles/community-engagement/pdf/WA_Grant_Guidelines.pdf,,
Allen (Paul G.) Foundation,,http://www.pgafamilyfoundation.org/Grants/grantmaking-process,,
Martin (Charlotte) Foundation,,http://www.charlottemartin.org/,,
The Rockefeller Foundation,,,,
Cheney (Ben B.) Foundation,,http://www.benbcheneyfoundation.org/application-process,,
Share Fund,,,,
Safeco Insurance Fund (see Liberty Mutual),,http://www.safeco.com/about-safeco/community/giving-guidelines,,
SKI FOUNDATION INC,26-0222403,,,
Ogden City Art Council,,,,
Tewkesbury Foundation,33-0730787,,,
AACC/Wal-Mart,,,,
"Abt Associates, Inc.",,,,
ACE/Walmart Success for Veterans Grants,,,,
AGC Oregon - Columbia Chapter,,,,
AGC Oregon- Columbia Chapter,,,,
Albertson's Charitable Donations,,,,
American Association of Community Colleges (AACC),,,,
Americorp,,,,
Annonymous Donor,,,,
Army Corps of Engineers,,,,
Ayala Foundation,,,,
Basic Healthcare Certificate,,,,
BLM,,,,
Children & Families,,,,
City of GP Economic Dev.,,,,
City of Grants Pass,,,,
Civil Society Institute; Youth Service America,,,,
CMEC Technology Grants-Materials,,,,
College Night in Oregon,,,,
Collins Medical Trust,,,,
Community College,,,,
Community Health Ctr.,,,,
Contractors,,,,
Dept. of Labor,,,,
DOT-Federal Motor Carrier Safety Administration,,,,
EdFund,,,,
EdShare,,,,
Engineering & Prototyping,,,,
Engineering and Technology Industry Council (ETIC),,,,
EWTF,,,,
EWTP (state),,,,
Federal Stimulus,,,,
Ford Institute,,,,
Guitar Center,,,,
Helen Keeler Burke Charitable Foundation,,,,
HHS Admin of Children & Family,,,,
Higher Education Coordinating Commission (HECC ),,,,
Higher Education Coordinating Commission/ODE,,,,
Higher One,,,,
HP Foundation,,,,
Illinois Valley Community Development Organization,,,,
Jackson Co Board of Commissioners,,,,
Jackson County School Dist 6,,,,
Jo. Co. Cultural Coalition,,,,
Job Council,,,,
John & Betty Gray Fund,,,,
Josephine County,,,,
Junior Service League,,,,
Jx. Co. Comm. On Children and Families,,,,
Jx. Co. Cultural Coalition,,,,
Liberty Bank,,,,
Liberty Financial,,,,
Links (Americorp),,,,
Lois Lensky Covey Foundation,,,,
Massage Therapy Foundation,,,,
McGraw Family Foundation,,,,
Medford Urban Renewal Agency (MURA),,,,
NACUBO,,,,
Nat'l Assoc for Comm College Entrepreneurship,,,,
National Science Foundation-ATE,,,,
Open Oregon Educational Resources,,,,
Or. State Sheriff's Grant,,,,
Oregon Community Foundation -Coleman Family Fund,,,,
Oregon Community Foundation-Betty Gray Early Childhood Education,,,,
Oregon Community Foundation-Gray Family Fund,,,,
Oregon Community Foundation-Skyrman Techno Fund,,,,
Oregon Council for the Humanities,,,,
Oregon Department of Forestry,,,,
Oregon Department of Transportation/BOLI,,,,
Oregon Gear Up,,,,
Oregon Health and Science University,,,,
Oregon Heritage Commission,,,,
Oregon Humanities Commission,,,,
Oregon Institute of Technology,,,,
Oregon Office of Emergency Management,,,,
Oregon Promise,,,,
Oregon State Unit,,,,
Oregon Student Assistance Commission (OSAC),,,,
Oregon Swiss Precision,,,,
Oregon Vocational Rehabilitation Services,,,,
Organization for Economic Initiatives,,,,
Payless ShoeSource,,,,
Premier Assistive Technology,,,,
Ralph L Smith Foundation,,,,
Regional Rural Investment Board,,,,
Rose E Tucker Foundation,,http://rlch.org/funding/rose-e-tucker-charitable-trust,,tuckertrust@stoel.com
RR/Siskiyou Nat'l Forest,,,,
RV Workforce Development Council,,,,
RVMC,,,,
RVTD,,,,
Samuel S Johnson Foundation,,,,
SBA,,,,
SOREDI,,,,
State of Oregon,,,,
State of Oregon Dept of Human Svcs,,,,
State of Oregon Multi-Regional Investment,,,,
State of Oregon-Building Codes Division,,,,
Target Store Foundation,,,,
The Job Council,,,,
The Standard Charitable Foundation,,,,
The Swigert Foundation,82-0537060,,,
The William G Gilmore Foundation,,http://www.williamggilmorefoundation.org/,415 561 6540,
TJC - US Dept of Labor ETA,,,,
Tommy Hilfiger Foundation,,,,
U.S. Army Corps of Engineers,,,,
U.S. Health & Human Resources,,,,
U.S.Citizenship and Immigration Service,,,,
Umpqua National Forest,,,,
US Army Corp of Engineers,,,,
US Department of Agriculture (USDA),,,,
US Department of Commerce/EDA,,,,
US Department of Education-Title III,,,,
US DOL-STEM Consortium Grant,,,,
US DOL-TAACCCT,,,,
US DOL-VWIP,,,,
US DOL-Youthbuild,,,,
US Forest Service,,,,
USA Funds,,,,
Vernier Software and Technology,,,,
Walmart Store,,,,
Washington Mutual,,,,
Wheeler Foundation,,,,
Winema National Forest,,,,
Harrington Schiff Fdn,,http://fdnweb.org/schiff/,,
Cascade Natural Gas ECO Fund,,https://www.cngc.com/docs/pdf/eco-fund-brochure.pdf?sfvrsn=0,,
Oregon Office of Rural Health (ORH),23-7083114,www.ohsu.edu/orh,866-674-4376,ruralweb@ohsu.edu
EUGENE ACTIVE 20 30 FOUNDATION,91-1784103,http://eugene2030.org/,541-341-6200,FirstVP@Eugene2030.org
Blue Moon Fund,,,,
NRDC,,,,
ToysRUs,,,,
Title III,,,,
Direction Home Akron Canton,,,,
Washington Foundation for the Environment,,http://wffe.org/,,
Inland NW Community Foundation,,http://www.inwcf.org/,,
Raman Family Foundation,,http://raman-family-foundation.mercer-island.wa.amfibi.directory/us/c/9600968-raman-family-foundation,,
Subaru of American Foundation,,http://www.subaru.com/csr/soa-foundation.html,,
7 Cedars Casino,,http://www.7cedarsresort.com/,,
Alaska Airlines,,https://www.alaskaair.com/content/about-us/social-responsibility/corporate-giving.aspx,,
Alaska Air Foundation,,https://www.alaskaair.com/content/about-us/social-responsibility/alaska-airlines-foundation.aspx,,
Bartell Drug,,https://www.bartelldrugs.com/donations/,,
Brown Bear Car Wash,,http://www.brownbear.com/about-us/contact,,
Davis Wright Tremaine,,http://www.dwt.com/inourcommunities/?op=overview,,
GNP Company,,,,
John M Belk Endowment,56-1954114,www.jmbendowment.org,704-943-4173,
JAMES GRAHAM BROWN FOUNDATION INC,61-0724060,,,
Brighter Tomorrows Inc,90-0526638,,,
Theresa and Frank Caplan Foundation Inc,46-5370094,WWW.EARLYCHILDHOODFOUNDATION.ORG,,
Fatherhood Research & Practice Network,,http://www.frpn.org/,303.320.7790,jfagan@temple.edu
Foundation for A Healthy St Petersburg Inc,59-2592846,www.healthystpete.foundation,727-865-7650,
Hillsborough County Hospital Authority,,http://hcflgov.net/government/boards-and-committees/e-l/hospital-authority,(813) 276-2640,
Junior League of Tampa Inc,59-0693993,WWW.JLTAMPA.ORG,,
Doorstep Ministry Foundation Inc,52-1827165,,,
Juvenile Welfare Board of Pinellas County,,http://www.jwbpinellas.org/,727-453-5600,
Mabel and Ellsworth Simmons,59-3594418,,813-6775667,
Health Resources and Services Administration (HRSA),,http://www.hrsa.gov/,877-464-4772,
National Center for Families Learning,,www.famlit.org,502-584-1133,
Frank E Duckwall Foundation,59-6773462,,,
Tampa Bay Business Journal,,http://www.bizjournals.com/tampaba,,
WATKINS CHRISTIAN FOUNDATION INC,58-1494832,,,
Dove Givings Foundation II,13-4188889,,,
Virginia Dept of Housing & Community Development,,http://www.dhcd.virginia.gov/index.php/business-va-assistance/startingexpanding-a-business/building-entrepreneurial-economies-bee.html,804-371-7030,
Elsa and Edgar Prince Foundation,38-2190330,,,
Freewill Charitable Trust,20-2911795,,,
PILGRIM FOUNDATION TR U-A,36-7159136,,,
THE BELIEVERS FOUNDATION INC,59-2851282,,,
Jean & E Floyd Kvamme Foundation,77-0359484,,,
The Saje Foundation,,www.sajefoundation.org,(714) 734-7808,
Variety the Children's Charity of New York,,http://varietyny.org/,,
Haglage Charitable Trust Agency,48-6375911,,(913) 338-4455,
Joint Millennium Fund Committee,,http://legislature.idaho.gov/sessioninfo/2016/interim/millenniumfund.htm,2083344740,jtatro@lso.idaho.gov
Walk for Literacy,,www.walk4literacy.org,,
"City of Rancho Cordova, Community Enhancement Fund Grant",,,,
MT Children's Trust Fund,,,,
Contorer Foundation,,http://www.contorer.org/,,
Lowe's Charitable & Educational Foundation,,https://www.lowes.com/cd_Corporate+Citizenship_674540029_,,
Torrance (Mark) Foundation,,http://www.marktorrancefoundation.com/,,
Martin-Fabert Foundation,,http://www.bigdatabase.com/big-html/nonsecure/resources/bignews/USC3-06/sector.html,,
McKinstry Charitable Foundation,,http://www.mckinstry.com/about/giving/,,
Raab (Norman) Foundation,,http://raabfoundation.org/about.php#WhatWeFundAnchor,,
Dan and Margaret Maddox,,,,
Fort Bend Cares Foundation,33-1112246,www.fortbendcares.org,,
DPHHS/TANF,,http://dphhs.mt.gov/hcsd/TANF.aspx,,
O.P. Edwards,,http://www.opweedwards.org/,,
Montana Children's Trust Fund / from DPHHS,,http://dphhs.mt.gov/childrenstrustfund,,
Homer & Mildred Scott Foundation,,http://www.scottfoundation.org/,,
First Interstate Bank,,,,
Gallatin Valley Newcomers Club,,http://gvncmt.org/,,
Riverside County Economic Development Agency,,,,
United Way Suncoast Inc,59-3725701,www.unitedwaysuncoast.org,,
INFOSYS FOUNDATION USA,26-4592537,,,
Jackson Community Foundation,38-6070739,www.jacksoncf.org,517-787-1321,
"Cardinal Health Foundation, E3 Grant Program",,http://www.cardinalhealth.com/en/about-us/corporate-citizenship/community-relations/healthcare/e3-patient-safety-grant-program.html,614.757.5000,communityrelations@cardinalhealth.com
Oregon DEQ,,,,
Kentucky Arts Council,,artscouncil.gov/KAC/Creative/KAP.htm,502-892-3112,Sarah.Schmitt@ky.gov
ORDEAN FOUNDATION,41-0711611,,,
Josephine County Rotary Clubs,,,,
Gary M Anderson Foundation,,,,
Area Health Education Center (AHEC),,,,
US DOL CBJTG,,,,
The Jackson Foundation,,,,
Bill and Melinda Gates Foundation Trust XXX,,,,
ALBERT AND ETHEL HERZSTEIN,74-6070484,http://herzsteinfoundation.org/,713-681-7868,
Jo.Co. Comm. On Children & Families,,,,
MEMORIAL DRIVE PRESBYTERIAN CHURCH FOUNDATON,76-0464006,www.mdpc.org,713-782-1710,JRoe@mdpc.org
MARIE ROPER FOUNDATION,76-0537055,,,
Lillian Kaiser Lewis,,,,
WILLIAM S AND LORA JEAN KILROY FOUNDATION,76-0169904,,713) 621-8221,
VISTA MAKAI FOUNDATION INC,86-0872198,,,
Living Stones Foundation Charitable Tr,52-7038921,www.lsfoundation.org,970-497-5010,
DOJ - OVW,,,,
WestWind Foundation,,,,
Gov Grant - USDA,,,,
Biller Family Foundation,84-1608504,,,
Mayo Clinic,,,,communityengagement@mayo.edu
Alerus,,www.alerus.com,,
Associates of Vietnam Veterans of America Inc,52-2159459,WWW.AVVA.ORG,,
George W. Bush Foundation,20-4119317,www.bushcenter.org,,
Sam J Frankino Foundation,20-5380431,http://samjfrankinofoundation.com/programs/,,
Association of American Medical Colleges,36-2169124,www.aamc.org,202-828-0420,contributions@aamc.org
FASH FOUNDATION,75-2327856,,,
Montana Community Development Corporation,81-0500256,www.mtcdc.org,406-728-9234,
Pro Literacy National Book fund,,proliteracy.org,,asuskin@proliteracy.org
The Rotary Club of West Chester,,www.westchesterrotary.us,,
Edward and Dorothy Kendall Foundation,,,,
CORDINGLEY FOUNDATION,41-1524572,,(406) 442-8168,
HOMESTEAD FOUNDATION INC,52-2389050,,,
ALBERT AND ELAINE BORCHARD FOUNDATION INC,95-3294377,www.borchardfoundation.org,818.888.2871,
Sacramento City Unified School District,94-6002491,,,
Sacramento Metropolitan Arts Commission,,www.SacMetroArts.org,916.808.3992,
"Soroptimist International of Sacramento, Inc.",,www.sacramentosoroptimist.com,,
Williamson Rindge and Hole Family Foundation,20-5347751,http://williamsonrindgehole.org/about-us/,,
Sunrise Banks,,www.sunrisebanks.com,,
Ohio Humanities Council,,,,
Susan G Komen Central and South Jersey,,http://komencsnj.org,,
Community Foundation of St. Joseph County,23-7365930,www.cfsjc.org,574-,
Toppa's Food Service,,,,
Case Construction,,,,
HOLLY BEACH PUBLIC LIBRARY ASSOCIATION,23-7291813,,609-522-2496,
City of Las Cruces - CDBG,,,,
National Institute of Food and Agriculture,,,,
Belmont Marketplace,,,,
d'Oliveria,,,,
General Re - A Berkshire Hathaway Company,,,203 328 5661,rmanz@genre.com
Neighborhood Health Plan,,,,
Russell Morin Catering & Events,,,,
Solar City,,,,
Emergency Medicine Foundation,75-2331221,www.emfoundation.org,469-499-0296,
OCF: Walker Responsive,,,,
OCF: Walker Legacy,,,,
Leightman Maxey,,,,
SHAP/Access funds,,,,
UCAN,,,,
HANDLERY FOUNDATION,94-3302912,,415-781-4550,mcanas@handlery.com
Ford Fund,,https://secure4.easymatch.com/fordmotorgive/applications/agency/,817-845-3570,jcorte42@ford.com
Impact 100 Men,,,,
Andrew B. Young Foundation,20-2768329,,,
Animal Welfare Foundation Inc,59-2900296,,,
Aronson Family Foundation,13-3693381,,,
Attwell Foundation,76-0658600,,,
Benenson Foundation Inc,51-0172991,,,
Ayudar Foundation,84-1561916,,,
Benjamin J Rosenthal Foundation,36-2523643,,,
Carl E. Kessler Family Foundation,75-2567397,,,
Carson Family Foundation Inc,56-1953678,,,
Chickesaw Foundation,31-1122410,,,
Christopher Smale Foundation,11-3706593,,,
CNA Foundation,36-4029026,,,
Dancing Tides Foundation Inc,01-0553351,,,
Gumbo Foundation,04-3727883,,,
Gaea Foundation Inc,52-1858609,,,
Framarb Foundation,06-6105334,,,
George B. Storer Foundation Inc,59-6136392,,,
Dry Family Charitable Foundation TR,25-6783548,,,
Edith A & ÿHerbert H Lehman Foundation Inc,13-6094015,,212-744-7935,
Fitzhenry Family Foundation,57-1108261,,,
Disney/ABC/ESPN,,,,
Nestle,,,,
Starbucks,,,,
The Hershey Company,,,,
Dell,,,,
Cooper Family Foundation,,,,
JetBlue,,,,
Southwest,,,,
I.N. & Susanna H. Van Nuys Foundation,95-6006019,,,
Cooke County United Way Inc,23-7098801,,,
Kohler,,,,
Higashi Family Foundation,95-6918730,,,
"James A. ""Buddy"" Davidson Charitable Foundation",73-1627705,,,
Kaufman Family Foundation,03-6111428,,,
Credit Suisse,,,,
Lechner Family Foundation,26-3908094,,,
Lois E. Womer Foundation,26-1674673,,,
The Agnes Gund Foundation,34-1606084,,(330) 385-3400,
Sacramento Women's Action Network,,,,
Toyota,,,,
Harden Foundation,,,,
Marriott International,,,,
Margaret F Calkins Charitable Foundation,13-4079403,,,
US Department of Education-TRIO EOC,,http://www2.ed.gov/programs/trioeoc/index.html,,
Marian Foundation,56-2169788,,,
US Department of Education-TRIO SSS,,,,
US Department of Education-TRIO ETS,,,,
US Department of Education-Youth Recidivism,,,,
US Department of Education-Tech Center,,,,
Leonard J Mikulay Foundation,,www.theljmfoundation.org,,ljmfoundation@live.com
Albright Foundation,20-3911328,,,
Citizens Independent Bank,,www.bankcib.com,(952) 926-6561,
American Association of University Women (AAUW),,,,
"MKM Foundation c/o The Glenmede Trust Company, NJ",23-7966478,,,
Morris Family Foundation Inc,58-2396544,,,
"Nancy Forsyth Noblin Foundation, Inc",58-2483304,,,
Pam Lewis Foundation,38-3278908,,,
"Paulson Charitable Foundation, Inc.",20-4395152,,,
Roberts Foundation,94-2967074,,,
Rosemary and Ted Lassiter Foundation Inc,65-0118648,,,
Ruth Covo Family Foundation,04-6584378,,,
Scoob Trust Foundation,20-6790446,,,
St Sue Foundation,26-1569832,,,
Stuart and Nancy Friedell Family Foundation,41-1976795,,,
The Barbara & Harold Gottesman Family Foundation,20-6714063,,,
The H.N. Jay Hoffman III Foundation,27-1244578,,,
The Mary Cooney and Edward Essl Charitable Foundation,20-1789712,,,
Immigration Justice Corps,,,,
Arpin,,,,
"Roy Carpenter's Beach, Matunuck Beach Properties, Inc.",,,,
ZipCar,,,,
Aquidneck Employment Services,,,,
Providence Auto Body Inc.,,,,
University Medicine,,,,
US Trust of West Hartford/BOA,,,,
Amica,,,,
Performance Physical Therapy,,,,
Tanury,,,,
Stoneridge,,,,
National Grid,,,,
Graphic Innovation,,,,
New England Medical Waste,,,,
Raw Elements,,,,
Ocean Kia Acupunture,,,,
CPDC,,,,
"BMC Properties, Inc.",,,,
CTDI,,,,
Garrison/Morgan Stanley,,,,
BLUE FEDERAL CREDIT UNION FOUNDATION,45-4039863,https://www.bluefcu.com/about-blue/blue-foundation/funding-requests,,
SANDY SPRING BANK FOUNDATION INC,46-3263627,https://www.sandyspringbank.com/aboutus/community/guidelines/,,
Youth Inc,,,,
Ashton Family Foundation,,,,
Educational Credit Management (ECMC),,,,
ESCO Foundation,82-0537060,,,
Josephine County Solid Waste Committee,,,,
Oregon Community College Workforce Development Dept. (CCWDD),,,,
Schrader Oil Grants Foundation,,http://www.schraderoil.com/donations-community/,,
Furr Foundation Inc,75-2605002,none,( 814) 781-0778,
First National Bank,,https://www.1stnationalbank.com/site/about-us/in-the-community/how-we-give-back.fhtml,,
Ascent Foundation - Roslyn Jaffe Awards,22-2731305,www.jaffeawards.com,,
The Buck Foundation,,http://thebuckfoundation.org,303-565-7344,pjdamico@thebuckfoundation.org
National Endowment of the Arts,,https://nea.cloud.culturegrants.org/index/login,,
Kaiser Foundation Hospitals- Riverside,,,,
Montrose Community Foundation,,http://montrosecf.org,970-249-3900,sarap.montrosecf@gmail.com
HEARTS FOR HOSPICE,38-3849129,http://www.heartsforhospiceoregon.org/about.html,,board@heartsforhospiceoregon.org
ARYC Family Foundation,,,,
Youseff & Kamel Mawardi Fund,,,,
Woozy Moo,,woozymoo.com,,grants@woozymoo.com
City of Rialto,,,,
Oregon Economic and Community Development Dept.,,,,
Oregon SBDC Network,,,,
Providence Medford Medical Center,,,,
Southern Oregon ESD (SOESD),,,,
The Big Read,,,,
The Milton and Tamar Maltz Family Foundation,65-0164300,,,
The Sarah Spencer Foundation,36-3444748,,,
The Van Brimer Family Foundation,54-1850906,,,
"The William G. Reynolds Jr., Charitable Foundation",54-1900372,,,
William H. Anderson Foundation Inc,,,,
Youth Development Foundation,95-6087465,,,
Citizens Committee for Children of New York,13-5618593,www.cccnewyork.org,212-673-1800,
Citizens Committee,,,,
FOREN FAMILY FOUNDATION,20-2766137,,,
BRADLEY L GOLDBERG FAMILY FOUNDATIO,13-6847767,,,
THE AMMON FOUNDATION,13-6904321,,,
Goatee Foundation T-a Tr,34-7158309,,,
THE PATTEE FOUNDATION INC,62-1376116,,,
LYNNE COOPER HARVEY FOUNDATION INC,36-3148657,,,
Ideal Credit Union Community Foundation Inc,20-5065518,www.idealcu.com,,foundation@idealcu.com
St Paul Area Association of Realtors,,www.spaar.com,651-776-6000,
Duluth Superior Area Community Foundation Inc,41-1429402,www.dsacommunityfoundation.com,218-726-0232,
WITAN,,,,
Berry R Cox Family Foundation,75-2864400,,214-2203612,
Stanford C and Mary Clare Finney Foundation,75-2809984,,,
STRAKE FOUNDATION,76-0041524,,,
ROBERT & JANICE MCNAIR FOUNDATION,76-6050185,,,
Isaac I Foundation,75-2965575,,,
Mr. & Mrs. Nelson Rusche Foundation,,,,
"The Japan Foundation, Los Angeles",,www.jflalc.org,323-761-7510 x110,language@jflalc.org
The Japan Foundation Center for Global Partnership,,www.cgp.org,212-489-1255,
Dumbarton Oaks Research Library and Collection,,www.doaks.org,,
Lodestar Foundation,77-0469684,http://www.lodestarfoundation.org/,602-956-268989,
"Samuel Roberts Noble Foundation, Inc",73-0606209,www.noblefoundation.org,580-224-6210,
"Storey Foundation, Inc.",58-2305034,,(706) 736-8401,
"Harvey-McNairy Foundation, Inc.",20-8686982,,,
Catholic Community Foundation,,,,
ACTA Foundation,,,,
Sisters of Charity - Nazareth,,,,
Springfield OP,,,,
Sisters of St. Francis - Philly,,,,
Martinez Foundation,,,,
Raskob Foundation,,,,
City of San Bernardino,,,,
City of Fontana,,,,
City of Ontario,,,,